# greek
achilles| adam| adea| admete| admetos| adonia| adonis| adrastea| adrastos| aedon| aegeia| aegeos| aegialeia| aegisthes| aegisthus| aeimnestos| aello| aerope| aeskhrion| aeskhylos| aeson| aesop| aethra| aethylla| agalia| agamedes| agamemnon| aganippe| agapenor| agapios| agatha| agathe| agathi| agathokles| agathon| agaue| agelaos| agenor| aglaia| aglaope| aglauros| agrios| aias| aigeos| aissa| aketes| akhates| akrisios| alastor| aleka| aletes| alethea| alexa| alexander| alexandra| alexandros| alexarkhos| alexios| alexirrhoe| alithea| alkestis| alkibiades| alkidike| alkinoe| alkinoã¶s| alkippe| alkithoe| alkmaeon| alkmena| alkmene| alkyone| alope| alphenor| althaea| althaia| amalthea| amaranthe| ambrosia| ambrosios| ambrotos| ameinokles| amphion| amphissa| amphithoe| amphitrion| amphitrite| amphoteros| ampyx| amymone| amyntas| anakreon| anastasia| anastasie| anastasios| anatolia| anaxagoras| anaxandrias| anaxarete| anaxilas| anaximander| anaximenes| andrea| andreas| andrianna| andriskos| androkles| andromakhe| andromakhos| andromeda| andromede| andronis| angelika| angeliki| angelos| ankaeus| ankhises| anna| antagoras| anteia| antenor| anthea| antheia| antigenes| antigone| antigonos| antiklea| antikleia| antikles| antilokhos| antinoã¶s| antiope| antisthenes| antodoros| antonios| antony| anyte| apelles| apemosyne| aphrodisia| aphrodisios| apolline| apollo| apollodoros| apollonia| apollonie| apollonios| apostolos| arakhne| aratos| archimedes| areithoã¶s| areskousa| arete| arethusa| argeia| aria| ariadne| ariane| arion| arisbe| arista| aristagora| aristagoras| aristaios| aristandros| ariste| aristides| aristippe| aristippos| aristo| aristodemos| aristoe| aristokleia| aristokles| aristomakhos| ariston| aristonike| aristophanes| aristophon| aristoteles| aristotelis| aristotle| aristoxenos| arkhestrate| arkhidamos| arkhippe| arne| arsinoe| artemas| artemidora| artemidoros| artemisia| askalaphos| askanios| asklepiades| asklepios| aspasia| asteria| asterope| astraea| astrea| astyanax| astyokhe| atalanta| atalante| athamas| athanais| athanasios| athena| athenaeos| athenais| athenodoros| atlanta| atreos| atthis| audate| auge| autolykos| autolyte| autonoe| autonoã¶s| bakkhylides| balios| basil| basileios| basilios| basilis| bathykles| battos| baukis| belos| benedictos| berenike| beroe| biadike| bion| biottos| biton| boethos| briareos| briseis| briseos| britomartis| brygos| charis| charissa| chloe| chloris| christiane| christianos| christos| cressida| cynara| cytherea| daedalos| damalis| damaris| damatria| damian| damianos| damo| damoe| damokles| damon| damophon| danae| danaos| daphne| daphnis| deianeira| deianira| deidameia| deinarkhos| deinokrates| deinomakhe| deinomenes| deiphobos| deipyle| delia| delphine| delphinia| demaratos| demas| demeas| demetri| demetria| demetrios| demetrius| demo| demodokos| demokritos| demonassa| demophilos| demosthenes| denise| deone| derinoe| deukalion| dia| diagoras| didymos| dike| diktynna| dimitrios| dimitris| diodoros| diogenes| diokles| diomedes| dion| dione| dionisios| dionysia| dionysios| dionysodoros| diosanthe| diotima| diphilos| dirke| dora| dorieos| dorinda| dorippe| doris| dorkas| doron| doros| dorothea| dosithios| drakon| dropos| dryope| dysimakhes| dysistrate| efimia| eidyia| eirana| eirena| eirenaios| eirene| eireni| eiã¶neos| ekaterini| ekhekrates| ekhestratos| ekphantos| elektra| elektryo| elena| eleni| elephenor| elias| elis| elpinike| elpis| empedokles| enarete| endymion| enkelados| ephialtes| ephippos| ephoros| epikaste| epikrates| epiktemis| epiktesis| epiktetos| epikuros| epimenides| epiphanes| epitadeos| erasistratos| erasmios| erasmos| eratosthenes| erekhtheos| erigone| erinna| eriphyle| erytheia| eteokles| euadne| euagoras| euakhme| euandra| euandros| euanthe| euarete| eubulos| eudora| eudoros| eudoxia| eudoxos| euenos| eugenios| euhemeros| eukleia| eukleides| eukoline| eukrates| eumenes| eumolpos| eunike| eunoe| euonomos| eupheme| euphemia| euphorbos| euphorion| euphronios| euphrosyna| euphrosyne| eupolis| euripides| europa| euryalos| eurybia| eurydike| eurykleia| eurylokhos| eurymakhos| eurynome| euryphaessa| euryphon| eurypylos| eurysthenes| eurystheos| eurythoe| eurytion| eustakhios| eutykhia| eutykhides| eutykhis| evadne| evangelos| evgenia| exekias| fotini| galanthis| galatea| ganymedes| geilissa| gelon| geminos| george| georges| georgios| georgis| georgos| geranion| giannes| giannis| glaphyra| glauke| glaukia| glaukippe| glaukos| glykera| glykon| gorgias| gregorios| grigoris| gylippos| haemon| halesos| halia| hamon| harmodios| harmonia| harpalion| harpalos| harpalyke| harpokrates| hedeia| hediste| hedyle| hegesinos| hegias| hekabe| hektor| helen| helena| helene| helenos| helike| heliodoros| hellanikos| helle| hemithea| heniokhe| hephaestion| herakleia| herakleides| herakleitos| herakles| hermagoras| hermeias| hermesianax| hermias| hermiona| hermione| hermogenes| hero| herodikos| herodotos| heron| herophile| herophilos| hesiod| hesione| hieron| hikesias| hilaeira| hilara| hipparkhia| hipparkhos| hippias| hippodameia| hippodamia| hippodamos| hippokoã¶n| hippokrates| hippolyte| hippolytos| hipponax| hipponikos| hipponoe| hipponoã¶s| hippothoe| hippothoã¶n| homeros| hrisoula| hygieia| hylaeos| hylas| hyllos| hypatia| hyperbolos| hyperides| hyperippe| hypermnestra| hypsikles| hypsikrates| hypsipyle| hyrieos| hyrmine| hyrnetho| ialmenos| ialysa| iamos| ianthe| iason| iasos| ibykos| idaea| idmon| idomeneos| ikarios| ilione| ilioneos| ino| io| ioanna| ioannes| ioannis| iokaste| iolanthe| iolaos| iole| iomene| ion| iona| ione| iphianassa| iphigenia| iphikles| iphikrates| iphimedeia| iphinoe| irana| iris| isadora| isagoras| isias| isidoros| isigonos| ismene| ismenia| isokrates| ister| isyllos| ixion| iynx| john| kadmos| kaenis| kaligenia| kalika| kalinikos| kalkhas| kallianeira| kalliaros| kallias| kallidike| kallikrates| kallikratidas| kallimakhos| kallinikos| kallinos| kalliphon| kallippos| kallirhoe| kallirrhoe| kallisthenes| kallisto| kallistomakhe| kallistrate| kallistratos| kallitykhe| kallonike| kallypso| kalonice| kalyca| kalyke| kanakhe| kapaneus| kapys| kassandra| kassandros| kassiopeia| kastor| katerina| kebes| kekrops| keleos| kephalos| kepheos| kephisodoros| kerkidas| kerkysera| keyx| khabrias| khaeremon| khairestrate| khairophon| khalkiope| kharaxos| khares| kharis| khariton| kharmides| kharondas| khilon| khione| khloe| khloris| khremonides| khrysaor| khryse| khryseis| khryses| khrysippos| khrysothemis| khthonia| killa| kimon| kineas| kirke| kisseis| kleanthes| klearkhos| kleisthenes| kleite| kleitos| kleo| kleobis| kleombrotos| kleomenes| kleon| kleonides| kleonike| kleopatra| kleophon| kleoptolme| kleothera| klymene| klytemnestra| koinos| kolotes| konstantina| konstantinos| korax| korinna| koronis| korydon| kosmas| kosta| kostas| kostatina| kranae| krantor| krateros| krates| kratinos| kratippos| kreon| kresilas| kreusa| kristianos| kristos| kritias| kritodemos| kritolaos| kriton| kritylla| kroesos| ktesias| ktesiphon| kydippe| kylon| kymothoe| kynaegeiros| kynaethos| kynane| kynthia| kypris| kypros| kypselos| kyra| kyrene| kyriako| kyriakoula| kyrillos| kytheris| labdakos| laena| laertes| lais| lakhares| lalage| lamakhos| lambros| lampedo| lampetia| lampito| lamprokles| lampros| laodaeia| laodameia| laodike| laokoã¶n| laomedon| laonike| laothoe| lasos| leaina| leandra| leandros| learkhos| leda| leiandros| lena| leokhares| leokrates| leon| leonidas| leonnatos| leontion| leontius| leosthenes| leotykhides| leto| leukippe| leukippos| leukon| ligeia| likhas| likymnios| linos| loukanos| loukas| lukas| lydia| lydiadas| lygdamos| lykidas| lykiska| lykomedes| lykon| lykophron| lykortas| lykos| lyktaea| lykurgos| lynkeos| lysander| lysandros| lysanias| lysianassa| lysias| lysikles| lysimakhos| lysippe| lysippos| lysis| lysistrata| lysistratos| maera| maia| makaria| makarios| makhaon| makhon| malthake| manolis| manua| margareta| margaritis| maria| marika| marina| marinos| mark| markos| maron| maroula| marpessa| marsyas| martinos| matris| matthaios| meda| medeia| megakles| megamede| megara| megas| megasthenes| meidias| meilikhis| melampos| melanippe| melanippos| melanis| melanthios| melantho| melas| meleagros| meletos| melia| meliboea| melikertes| melina| melissa| melita| melite| melitta| memnon| menandros| menedemos| menekrates| menelaos| menelas| menestor| menexinos| menippe| menippos| menodotos| menoekeos| mentor| merope| mestor| metaneira| metharme| metiadusa| metis| metope| metrodoros| michael| midas| midea| mihail| mika| mikhalis| mikon| milon| milos| miltiades| mimnermos| mindarus| minos| minthe| misme| mnaseas| mnesikles| mnesilokhos| mnesimakhe| mnesimakhos| mnesistrates| molione| molon| moskhion| moskhos| mousa| musaeos| mygdon| myia| myron| myrrhina| myrrhine| myrtilos| myrtis| nabis| narkissos| naukrate| naupiadame| nauplios| nausikaa| nausiphanes| nausithoã¶s| neaera| nearkhos| neis| nektarios| neleos| neophron| neoptolemos| nephele| nerissa| nestor| niarkhos| nick| nicolas| nika| nikaea| nikandros| nikanor| nikarete| nike| nikias| nikippe| niko| nikodemos| nikoe| nikokhares| nikola| nikolaos| nikolas| nikoleta| nikolos| nikomakhe| nikomakhos| nikomedes| nikos| nikostrate| nikostratos| niobe| nireos| nisos| noula| nyktinos| nymphodoros| nysa| nyssa| odysseus| oibalos| oidipos| oineus| oinomaos| oinone| oinopides| olympia| olympias| olympiodoros| omphale| onasandros| onesikritos| onomarkhos| ophellas| oreithyia| orestes| oribasios| orion| orkhomenos| ormenos| ornis| orpheos| orphne| orseis| orsilokhos| ortheia| otionia| otos| ourania| oxylos| paeã¶nios| palaemon| palamedes| palladas| pammon| pamphila| pamphile| pamphilo| pamphilos| panaenos| panagiotes| panagris| panakeia| pandaros| pandora| panos| pantelis| panthoã¶s| panus| panyassis| pappos| paramona| paramone| paris| parmenides| parmenion| parthenea| parthenios| parthenopaios| parthenope| pasion| pasiphae| patrokles| pauline| pausanias| pausias| peisandros| peisinoe| peisistratos| pelagia| pelagon| peleos| pelias| pelopia| pelopidas| peneleos| penelope| pentheos| penthesilea| penthesileia| perdikkas| perdix| periandros| periboea| pericles| periklis| perikles| periklis| periklymenos| perimede| perimedes| persaeã¶s| perse| perseos| peter| petra| petros| phaedra| phaedros| phaethusa| phaiax| phaidon| phanodemos| phanostrate| phaon| phegeos| pheidippides| phereboea| pherekrates| pherekydes| phidias| phila| philamon| phile| philemon| philetas| philikos| philip| philippa| philippe| philippos| philista| philodemos| philokles| philokrates| philoktetes| philolaos| philomela| philomen| philomena| philomene| philon| philonides| philonoe| philotas| philotera| philoumena| philoumene| philoxena| philoxenos| philyra| phineos| phlegon| phoebe| phoenix| phokion| phorbas| phormis| phrixos| phryne| phrynikhos| phthia| phylarkhos| phylas| phyllis| phylonome| pieris| pindaros| pipitsa| pirithoã¶s| pittakos| pitthea| pleione| pleisthenes| pleistos| podargos| polemon| polyboea| polybos| polydamna| polydora| polydoros| polyeidos| polygnotos| polykaste| polykleitos| polymede| polymedes| polymela| polymele| polyneikes| polypheme| polystratos| polyxena| polyxene| polyzelos| popi| porphyrios| poseidippos| poseidonios| pratinas| praxagora| praxagoras| praxilla| praxiteles| praxithea| priamos| priskianos| prodikos| prokleia| prokles| prokne| prokoptas| prokris| pronoe| protagoras| prote| protesilaos| protogenes| protogonia| proxenos| psamathe| pygmalion| pylades| pylas| pylenor| pylia| pyrrha| pyrrhon| pythagoras| pytheas| pythermos| pythia| pythios| python| rasia| rena| rhene| rhesos| rhexenor| rhianos| rhigas| rhinthon| rhode| rhodope| rhoeo| sakadas| salamis| salmoneus| saphhira| sappho| sarpedon| satyraea| satyros| savas| sebastianos| semele| semos| serapion| sibyl| sidero| silanion| simeon| simmias| simon| simonides| simplikios| sinis| sinon| siphis| sitakles| sivos| skamandros| skarphe| skiron| skopas| skopelianos| skotia| skylla| skythinos| smyrne| sofi| sofia| sofronia| sokrates| solon| sophia| sophokles| sophron| sosigenes| sosikrates| sosipatros| sosiphanes| sostrate| sostratos| soteira| soteria| soteris| speusippos| spintharos| spiridon| spyros| stamatia| staphylos| stavros| stefana| stefania| stefanos| stelios| stella| stentor| stephanos| sterope| stheneboea| sthenele| sthenelos| sthenidas| stilpon| strabon| stratokles| straton| stratonika| stratonike| strepsiades| strophios| strymo| sylva| talaos| talthybios| tassia| tassis| taygete| teiresias| tekla| tekmessa| telamon| telekleia| teleklides| telemakhos| telephassa| telephos| teles| telesilla| telesphoros| temenos| tereos| thaddaios| thais| thalassa| thales| thaletas| thamyris| thanos| thea| theagenes| theages| theano| thedora| thelxepeia| thelxinoe| themistios| themisto| themistokles| themistos| theodora| theodoros| theodorus| theodosia| theodosius| theofanis| theognis| theokritos| theon| theonoe| theope| theophane| theophania| theophila| theophile| theophilia| theophilos| theophrastos| theoron| theramenes| theresa| theron| thersandros| thersites| theseus| thessalonike| thessalos| thestor| theudora| thibron| thisbe| thoe| thomas| thoã¶sa| thrasyllos| thrasymedes| thukydides| thyestes| thyone| timaea| timaeus| timagenes| timagoras| timandra| timanthes| timo| timokles| timokreon| timon| timosthenes| timothea| timotheos| tisias| tlepolemos| tom| toula| triopas| triphena| triptolemos| troilos| trophonios| tros| tryphena| tryphosa| tydeos| tykha| tykhaeos| tykhe| tyndareos| tyro| vangeli| vangelos| vasileios| vasilios| vasilis| vassili| xanthe| xanthippe| xanthippos| xanthos| xenagoras| xeneia| xenia| xeno| xenokleia| xenokrates| xenophanes| xenophile| xenophon| xenylla| xuthos| xylia| xylina| yannis| yiannis| yiorgos| yorgos| zagreos| zenobios| zenodoros| zenodotos| zenon| zephyra| zerynthia| zetha| zeuxhippe| zeuxidamos| zeuxis| zoe| zoilos| zopoura| zopura| zopyros| zosima| zosime| zosimos

# spanish
adan| adelita| adolfo| adrian| agueda| agustin| alberto| aldonza| alejandra| alejandrina| alejandro| alejo| alfonso| alfredo| alma| almalia| aloisio| alonso| amado| amador| amancio| amata| ambrosio| amparo| ana| andrea| andres| angel| angelica| angelita| angosto| angustia| aniceta| anier| anita| antonio| anunciacion| anunciata| aquiles| araceli| arcadio| ariando| ariel| arnaldo| arsenio| ascencio| asela| assunta| atilano| aurelio| azucena| baldovino| baltazar| barbara| bartoleme| bartolo| basilio| bautista| beatriz| belen| belia| belicia| beltran| benedicta| benedito| benigno| benita| benito| benjamin| bernadina| bernal| bernardito| bernardo| blanca| blasco| bonita| brigida| calida| calisto| camila| candela| candido| caridad| carla| carlita| carlito| carlos| carlotta| carmela| carmelita| carmella| carmena| carmencita| casilda| catalina| ceandro| cecilla| celestino| chabela| charita| charo| chela| chila| chofi| ciriaco| clarisa| claudio| concepcion| concetta| concha| conchita| constanza| consuela| consuelo| corazon| cornelio| cosme| cristiano| cristina| cristobal| crucita| dalmacio| damaso| damian| damita| danilo| delfina| delores| demetrio| diego| digna| dionicio| dionisio| dolfos| dolores| domingo| donato| dorotea| dulcinea| eduardo| efrain| eladio| elena| eli| eliana| elisa| elisio| elvira| emeterio| emiliano| encarnacion| engracia| enrique| enriqueta| erlinda| ernesto| esmeralda| esmerelda| esperanza| esteban| estefania| estrella| eufemia| eugenia| eugenio| eulalia| eustacio| eva| evangelina| evaristo| evita| fabian| fabio| fabricio| feliciana| feliciano| felicidad| felipe| felix| fermin| fernan| fernando| fidel| florencio| francisca| francisco| frasquita| frasquito| gabriel| galsino| gaspar| genoveva| geofredo| gervasio| gianina| gines| giralda| giullen| gomez| gonzalo| gracia| graciana| graciela| gregorio| guadalupe| gualberto| guilla| guillermo| gutierre| hector| herlinda| hermengildo| hermenia| hermina| hernan| hernando| hilaria| hipolito| horacio| huera| iago| idoya| ignacio| ildefonso| ildephonso| illan| imelda| ines| inez| inocencio| irenio| isabel| isabella| isias| isidoro| ismelda| isola| jacinta| jacinto| jago| jaime| javier| jeronimo| joana| joaquin| jordi| jorge| jorgina| jose| joselito| josue| juan| juana| juanita| juanito| juliana| justo| laura| leandro| leocadia| leocadio| leonel| leonora| leopoldo| ligia| lilia| liseta| lolita| lope| lorenzo| lucas| luce-marina| lucia| lucita| lucretia| luis| luisa| lupe| luz| macario| magdalena| maita| mancio| manolita| manolito| manolo| manuel| manuela| marcela| marcelina| marcelito| marcello| marco| margarita| maria| mariana| mariano| maribel| marieta| marina| mariquita| marita| marta| martin| martina| martita| maruja| matias| matilde| mauricio| medardo| melchior| melchora| melosa| mencia| mercedes| miguel| milagros| misia| modesto| monica| monico| narcisso| nati| natividad| nazaret| nazario| nicanor| nicasio| nicodemo| nicolasa| nina| nita| nuela| nunia| ofelia| orlino| pablo| paca| paloma| pancha| pancho| panfilo| paquito| pascual| pascuala| pasqual| pastor| patricia| paz| pedro| pelayo| pepa| pepe| pepillo| pepita| pepito| perla| perlita| pero| petra| pio| pirmin| ponciono| presentacion| primitivo| purificacion| purita| rafael| rafaela| raimunda| raimundo| rainerio| ramiro| ramon| ramona| raquel| raul| refugio| reina| remedios| renata| resureccion| reynaldo| ria| ricarda| rita| rito| roberto| rocio| rodrigo| rogelio| romana| rosa| rosalinda| rosario| rosendo| rosita| rufino| ruy| salome| salomon| salomone| salvador| sancho| sanson| santa| sarita| saritia| sebastian| sebastiana| serafin| serafina| sergi| sergio| severino| silvestre| simon| sofia| sol| solana| soledad| suela| suelo| suncion| tadeo| teobaldo| teodora| teodosia| teodosio| teresa| teresita| theresia| tiana| timeteo| tirso| tomas| trinidad| ubaldo| ulises| urbano| valentin| vasco| venceslas| veronica| vicente| victoriano| victorina| vincente| virida| vitoria| vittorrio| xaviera| ximena| ximenez| xiomara| yanes| ynes| ynez| zahira| zita| alvaro| inigo

# indian
abhijat| abhinav| abhishek| achyuta| aditya| aggarwal| ajala| ajay| akash| akhilesh| amal| amar| ambar| ambuja| ameya| amit| amita| amitesh| ammu| amodini| amogh| amol| amrit| amrita| amulya| anand| anandita| anant| ananya| angada| anil| anirudhha| anish| anisha| anita| anjali| ankit| ankita| ankur| anshul| anuradha| anurag| anurati| apte| aradhana| arati| arjun| arul| arun| aruna| arundhati| arvind| asha| ashakiran| ashavari| ashok| atmajyoti| atul| avani| avanindra| avanish| badrinath| badriprasad| bakula| bala| balaaditya| balachandra| balaji| balakrishna| balamani| balamohan| baldev| balram| bandhura| bannerjee| bansi| barendran| bhadraksh| bhagirath| bhanu| bharat| bharati| bhat| bhatt| bhavani| bhuvanesh| bina| bindiya| bipin| brijesh| brinda| buhpathi| chaitanya| chakrika| chambeli| chande| chander| chandna| chandra| chandrak| chandraki| chandrasekar| chandrashaker| chandresh| charan| charu| charudutta| chatterjee| chaudhry| chauhan| chennapragada| chetan| chhavvi| chhaya| chhotu| chirag| chiranjeev| chitra| chitraksh| chitrani| chittaranjan| choudhari| chudamani| dakshesh| damini| damodar| darika| darisipudi| darpak| darsha| daruka| dashika| dattatreya| dawar| daya| dayita| deepa| deepak| deepali| devaki| devanand| devarsi| devdas| devendra| devilal| deviprasad| devraj| dhananjay| dhanesh| dhanyata| dhara| dharini| dharma| dhatri| dhawan| dhiren| dhirendra| dhiri| dilip| dinesh| divecha| divyesh| dristi| durga| durjaya| durmada| dutta| engineer| gajanan| gajendra| gajraj| ganaraj| gandhi| ganesh| gargeya| gayatri| ghorpade| giridharan| girilal| giriraj| goel| gopal| gopan| gopinath| gowravaram| guntupalli| gupta| gurcharan| gurdayal| gurnam| gursharan| gurudas| gutta| hamsa| haresh| hari| harinakshi| harsha| harshad| harshini| harshul| hema| hemadri| hemalatha| hemangi| hemaraj| hemlata| himani| hiranya| hiresh| hita| hridayesh| huggahilli| ila| indeever| indira| indradutt| indrakshi| indu| induma| inesh| ishan| jafferbhoy| jagadamba| jagajeet| jagannath| jagrati| jahnavi| jai| jaidev| jana| janak| janaki| janjua| jasraj| jasveer| jaswant| jawaharal| jaya| jayant| jayashri| jayasurya| jaysukh| jeevan| jeevika| jindal| jinendra| jishnu| jitesh| joshi| juhi| jwala| jyoti| kabir| kajal| kala| kalanadhabhatla| kalavati| kalidas| kalindi| kalyani| kamadev| kamal| kamala| kamalika| kambhatla| kanaka| kanan| kanchana| kanmani| kapoor| karuka| kasavaraju| kasturi| kaumudi| kaushal| kaushik| kavi| kavita| keshab| keshini| khanderia| kiran| kishore| kittur| kola| komal| koneru| kosuri| krishna| krishnamurthy| kriti| krupa| kumar| kunda| kunderan| kunjal| kusagra| kushala| kusuma| lakshman| lakshmi| lal| lalana| lali| lalima| lalit| lalita| lata| latangi| latha| lavali| leela| lipika| lochana| lokesh| loknath| lokprakash| lona| loy| madan| madhana| madhavi| madhu| madhukar| madhura| madhuri| mahadev| mahajan| mahalingam| mahavir| maheepati| mahesh| maitryi| mala| malati| malhotra| malini| mallika| mamgain| manasi| mandar| mandhatri| manendra| mangalwadi| maniram| manish| manjrekar| manju| manjula| manohar| manoj| mantri| manushri| marala| marisa| maruthi| mati| matsendra| mavalvala| maya| mayuri| meena| meenakshi| meera| meghdutt| mehra| mehta| mehul| merchant| mihir| milan| mithil| mithun| mittal| mittur| mohan| mohani| mongia| mridula| mrudaya| mukund| mukunda| muqtedar| muthanna| muthu| naagesh| nagappa| nageswar| nagpal| naini| nalin| nalini| namdev| namrata| nanda| nandi| nandin| nandita| nara| naran| narang| narasimban| narayan| narayana| naresh| naseer| nath| natraj| navnit| nayak| neel| neela| neelam| neelesh| nehru| nergis| netra| nidhi| nidhish| nidra| nigam| nihar| nikhil| nikhita| niki| nilesh| nilima| nimbalkar| niral| niranjan| nirmal| nirmala| nirupa| nisha| nita| niten| niti| nitya| nityasundar| nivedita| nizami| ojas| omprakash| oorjit| padma| padmanabh| pal| palanisamy| pancholi| pandit| pankaj| panth| paramjeet| paresh| pari| parinita| parmar| parnika| partha| parvin| patel| patterjee| pavan| pavana| pawan| pedapudi| persaud| phalgun| phanindra| phoolendu| polamreddy| pooja| poorvi| potluri| pradeep| pradnesh| prajna| prakash| pranav| prasad| prasanth| pratyush| pravar| praveen| prerana| primal| pritam| pritha| prithvijaj| priya| priyadarshi| puja| pundarik| punita| punj| puri| purumitra| purva| puskara| rabindra| rachna| radha| radhika| raghavendra| rai| raj| rajabhushan| rajagopal| rajan| rajani| rajaraman| rajata| raje| rajeev| rajesh| raji| rakesh| rakhi| ram| rama| ramadhin| raman| ramasubramanian| ramita| ramji| rana| ranadhir| ranga| rangwala| ranjan| ranjana| ranjeet| rashmi| rastogi| rathin| rati| ratnavali| ravi| ravikiran| ravindra| raviram| rekha| rengarajan| revati| riju| rishi| rohini| roshan| roy| ruchi| ruchira| rudrani| rujula| rujuta| rupa| rupak| rupali| sachi| sachita| sadashiv| sadhana| sagar| sahar| sahni| sai| sailesh| saini| salagame| salila| sameer| samiksha| samir| samrat| samudra| samuel| sanat| sandeep| sandhu| sandhya| sangawar| sanjukta| sankait| sanu| saphala| sara| sarala| sarangapani| sarasa| saravati| sarika| sarin| sarita| saroja| saryu| sashi| sathyanna| satish| satya| satyavrat| satyendra| saurav| savarna| savita| savitri| saxena| sehgal| semerkant| sen| senajit| seshadrinathan| sethi| shadilya| shaina| shalini| shan| shanbhag| shankar| shanti| sharada| sharma| sharmila| sharmistha| shastri| shatrunjay| shikha| shingane| shivaprakash| shradhdha| shreeyash| shreya| shroff| shruti| shvetank| siddharth| siddhi| singh| sita| sivam| smirti| smriti| solanki| somu| sona| soni| sonia| soumodip| sree| sreeram| srikumar| srini| sriram| srivas| srivastav| srivastava| subbarao| subodh| subrahmanyam| subram| subramani| subramanian| subudhi| suchitra| sudesha| sudha| sudhir| sughavanam| sujit| sukhjinder| sumana| sumitra| sumon| sundar| sunil| sunita| sunther| supriya| suravinda| surekha| suri| surti| suruchi| surupa| susan| sushila| sushma| swami| swamy| swaraj| taksa| tanuj| tanushri| tanvi| tapan| tapti| tara| tarak| taran| tarpana| tej| thamma| thirunavu| thuvaradran| tirumalai| trishna| trupti| trusha| tuhin| tulasi| tungesh| tushar| tusti| tyagi| ubriani| udaya| uddin| udit| ujjwala| ulhas| ulka| uma| upama| upanishad| upendra| urja| urmi| urvasi| urvi| usha| uttam| uttara| vachaspati| vaisakhi| vaishali| vajra| vajramani| vallika| vallurupa| vandan| vandana| vani| vaninadha| vaninath| vanita| varija| varsha| varun| varuni| vasudev| vasuki| vasuman| vasumati| vatsala| vedula| veena| veer| vellore| venkateshwara| verma| vibhuti| vidula| vidur| vijay| vijaya| vijaysaradhi| vikas| vikram| vimal| vimala| vinay| vinaya| vinita| vinodini| vinutha| viraj| virendra| virochan| visala| vish| vishal| vishnavi| vishnu| vishvatma| viswanath| viswesh| vyapari| yamini| yamuna| yashila| yashoda| yashodhan| yashodhara| yashpal| yavar| yogesh| yuvaraj

# chinese
a| ai| an| au| ba| bai| ban| bang| bau| bei| ben| beng| bi| bin| bing| bu| bwo| byan| cha| chai| chang| chau| che| chen| cheng| chi| chin| ching| chr| chu| chung| chwa| chwei| chwun| chyan| chyang| chyau| chyou| chyu| chyun| chywan| chywe| da| dai| dan| dau| de| dei| deng| di| ding| dou| du| dung| dwan| dwo| dyan| dyau| dzai| dzan| dzang| dzau| dze| dzeng| dzih| dzou| dzu| dzung| dzwo| e| en| er| fa| fan| fang| fei| feng| fu| fwo| ga| gai| gan| gang| gau| ge| gei| geng| gu| gung| gwan| gwang| gwei| gwo| gwun| hai| han| hang| hau| he| hen| heng| hou| hu| hung| hwa| hwai| hwan| hwang| hwei| hwo| ja| jan| jang| jau| je| jen| jeng| jou| jr| ju| jung| jwei| jwo| ka| kai| kan| kang| kau| ke| keng| kung| kwan| kwang| kwei| kwo| kwun| lai| lan| lang| lau| le| lei| li| lin| ling| lou| lu| lung| lwan| lwo| lyan| lyang| lyau| lye| lyou| ma| mai| man| mang| mau| mei| meng| mi| min| ming| mu| mwo| mwo-chi| myau| nai| nan| neng| ni| ning| nu| nye| nyou| ou| ou-yang| pan| pang| pau| pei| peng| pi| pin| ping| pu| pu-yang| pwo| pye| ran| rang| rau| ren| rou| ru| rung| rwan| rwei| rwo| rwun| sai| san| sang| se| sha| shai| shan| shang| shau| shen| sheng| shou| shr| shu| shwang| shwei| su| sung| swei| swo| swun| sya| syan| syang| syau| sye| syi| syin| sying| syou| syu| syun| syung| sywan| sywe| szih| szih-ma| szih-tu| tai| tan| tan-tai| tang| tau| te| teng| ting| tsai| tsang| tsau| tsen| tsung| tswei| tsz| tu| tung| two| tyan| wai| wan| wang| wei| wen| weng| wu| ya| yan| yang| yau| ye| yi| yin| ying| you| yu| yun| yung| ywan| ywe| zhi| zhin| zhing| zhung| zhya| zhyan| zhyang| zhyau| zhye| zhyou| zhyu| zhyun| zhyung| zhywan| zhywe| an| au| ba| bai| bang| bau| bei| ben| bin| bing| bwo| chang| chau| che| chen| cheng| chi| chin| ching| chou| chr| chu| chwan| chwun| chyan| chyang| chyau| chyu| chywan| chywe| da| dai| dang| dau| de| di| ding| dou| du| dung| dwei| dwo| dye| dze| dzeng| dzih| dzing| dzu| dzung| e| en| fa| fan| fang| fei| fen| feng| fu| gai| gan| gang| ge| gu| gung| gwa| gwan| gwang| gwei| gwo| gwun| hai| han| hau| he| hei| heng| hu| hung| hwa| hwai| hwan| hwang| hwei| jan| jang| je| jen| jeng| jou| jr| ju| jung| kai| kan| kang| ku| kwei| la| lai| lan| lang| li| lin| ling| lu| lung| lwo| lwun| lyan| lyang| man| mei| min| ming| myau| na| nan| ni| ning| nyan| nyau| nyou| o| pa| pang| pau| pei| peng| ping| pwo| ren| reng| rung| rwan| rwei| rwo| rwun| sai| sen| shan| shau| sheng| shr| shu| shwan| shwang| shwo| shwun| su| sung| swun| sya| syan| syang| syao| syau| syi| syin| sying| syou| syu| syun| syung| sywan| sywe| szih| ta| tai| tang| tau| ti| ting| tou| tsai| tsung| tsz| tu| tung| twei| tyan| wa| wai| wan| wang| wei| wen| wu| ya| yan| yang| yau| yi| yin| ying| you| yu| yun| yung| ywan| ywe| zhi| zhin| zhing| zhya| zhyan| zhyang| zhyau| zhye| zhyou| zhyu| zhyun| zhywan

# russian
adam| adrian| afanasi| agafia| agafon| agafya| agata| aglaya| agnessa| agrafena| akim| aksinya| akulina| aldokim| aleksandr| aleksandra| aleksandrina| alexandra| alexei| alina| alisa| alona| alyona| alyosha| alyusha| anan| anastasia| anatoli| andrei| anfisa| ania| anikei| anisia| anisim| anna| anouska| anton| antonina| anya| anzhelika| arefei| arina| arisha| arkady| arkhip| arseni| artem| artur| artyom| asya| avdei| avdotya| averiy| bella| bogdan| boris| bronislav| bronislava| danya| daria| david| demian| denis| desya| diana| dimitri| dina| dmitri| dominik| dominika| dorofei| dunya| efimia| efrem| efrosinia| ekaterina| eleferii| elena| elizaveta| emelian| eremei| ermolai| eva| evdokim| evdokiya| evgeni| evgenia| fedosei| fedosia| fedot| fedul| fekla| feliks| feodora| fevronia| filat| filimon| filipa| filipp| fotei| fyodor| gala| galina| gaspar| gavril| gennadi| georgina| georgiy| gleb| gordei| grigori| grusha| ignat| igor| ilarion| ilya| inessa| inna| innokentiy| ioanna| iosif| ippolit| irina| irinei| isidora| ivan| karina| karl| katenka| katya| katyusha| kazimir| kira| kirill| klara| klavdiya| kliment| kolya| kondratii| konstantin| kristina| kseniya| kuprian| kuzma| laktion| lara| larisa| larissa| lavro| lazar| lena| leon| leonid| lev| lidia| liliya| liubov| lizaveta| ludmila| luka| lukeria| lukian| lyosha| lyuba| lyubov| lyuda| lyudmila| lyudochka| lyusa| makar| malania| mara| margarita| maria| marina| mark| martin| marya| matvei| mavra| maxim| maximilian| mikhail| mikhaila| mikola| mila| milena| miron| miroslav| miroslava| mitrofan| modest| moisei| mstislav| nadechka| nadezhda| nadya| nadyusha| nastasya| nataliya| naum| nazarii| nessia| nestor| nikifor| nikita| nikola| nikolai| nikolasha| nikolenka| nina| nyura| oleg| olena| olga| onisim| onufrii| orina| osip| oxana| panfil| pankrati| pavel| pelageya| peter| petr| polina| porfiry| praskovia| prokofy| pyotr| radimir| radko| radoslav| raina| raisa| rakhila| raya| rodion| roksana| roman| roza| rozaliya| rufina| rurik| ruslan| rustam| samuil| sasha| sashenka| saveli| selina| selivan| semeon| semyon| serafima| sergei| seryoga| seryozha| sevastian| shura| shurochka| slava| sofiya| sofon| sonya| spiridon| stanimir| stanislav| stanislava| stepan| stepanida| svetlana| svyatoslav| tadei| tamara| tatyana| tekla| terentii| timofei| tomas| trofim| tsesar| ulian| uliana| ustin| ustinya| vadim| valechka| valentin| valentina| valeri| valeriya| valya| valyusha| vanechka| vaniusha| vanya| varfolomei| varvara| varya| vasili| vasilisa| vassily| venedikt| venyamin| vera| veronika| viktor| vitali| vlad| vladik| vladimir| vladimira| vladislav| vladislava| vlas| vonda| vsevolod| vyacheslav| yakim| yakov| yaromira| yaroslav| yaroslava| yegor| yekaterina| yelena| yelizaveta| yevgeniy| yevgeniya| yosef| yulia| yuliana| yuri| zakhar| zavid| zhenya| zina| zinaida| zinovia| zinovii| zoya

# latin
aconcata| adelagia| adelasia| adeleta| agnello| agnese| agnola| agostino| agustola| aighina| aiuto| alamanna| alamanno| albagia| albergo| alberto| albina| albissima| albizzo| alcherio| alda| aldiana| aldrovandina| alessandra| alessandro| alesso| alfieri| alfonso| aliotto| altadonna| altafesta| alumenata| amannato| amata| amato| amerigo| amico| andrea| andreola| anfiliga| angela| angelo| angiolo| anguilutia| anselmo| antonia| antonio| apregiata| ardovino| argometto| armilia| arnolda| arnolfo| arrigo| attaviano| auria| aveduta| averardo| ayguana| azzo| baldanza| baldassare| baldino| baldovino| balsama| bandecca| bandino| bando| barduccio| barone| barsia| bartholomea| bartolomeo| bastiano| battista| beatrix| beccio| bectonesa| belafanta| belda| beldina| bella| bellavedere| bellavene| bellomo| benadacta| benassaie| bencevene| bencivenni| bene| benecto| benedetto| benenato| benguardata| benincasa| benintende| benivieni| benvenuta| benvenuto| berarda| bergo| bernardina| bernardino| bernardo| bernecto| berta| bertoldo| bianco| bice| bifolco| bisantia| bisciolenda| boccaccio| boccia| bolgarino| bolia| bona| bonabella| bonacolto| bonacorso| bonadomane| bonafide| bonagionta| bonagratia| bonaguida| bonaiuto| bonamico| bonasia| bonaventura| bondia| bondina| bonfigliolo| bonifazio| boninsegna| bono| bonola| bonvesin| borghino| brancazio| bruna| brunaccio| brunella| brunetto| buonasera| buonavere| buongratia| calcisciano| cambio| caramanna| carlo| carlutia| caroccio| casola| castellana| castello| caterina| cavoneria| cecca| cecco| chiaro| cicilia| cittadino| clara| clarastella| comitissa| compagno| complitola| concata| conciata| consilieria| consola| conte| contegiana| coppola| corbella| corso| cortese| crescembene| cristiano| cristofano| cuniza| damiano| damocta| daria| dato| davino| demorola| dialdana| dialta| diamante| diana| diedato| dietisalvi| divitia| dolce| domenico| domnula| donato| donnessa| drosa| druda| drudola| egidia| elemosina| elizabeth| encresciuta| enzio| fabiano| fabressa| falcone| falconeria| felice| ferrante| fiametta| filippa| filippo| flora| flore| florita| folco| forese| fortis| francardo| francesca| franceschina| francesco| franco| frediano| froderico| fruosino| gabbriello| gaita| galeotto| galgano| galitia| gaudente| gelentesa| gemma| genevria| genna| gherardo| ghiandolfino| ghino| giana| gianetta| gianni| gilia| ginevria| giordano| giotto| giovanna| giovanni| giovenco| giraldo| gismondo| gottifredi| grano| gratia| gratiano| gregorio| grimelda| grisanda| grugno| gualando| gualteri| guantino| guarnita| guerreria| guidaccio| guido| guilelmo| guiliano| guinelda| guiscardo| gulielmina| honestola| iacoba| iacomina| iacopo| iaquinta| ildebrando| imilia| inglorida| ingrada| iohanna| isabetta| isotta| iulia| iuliana| lacosciana| lamberto| lando| lanfranco| leolo| leonardo| leta| letitia| lisa| lodovico| lorenzo| lorita| lucchese| lucia| lucrezia| lukesa| lupardo| lutterio| mabilia| madolina| manfredi| manno| maralda| marchionne| marco| marcolina| marcutia| margarita| margola| maria| maridonna| marignano| marina| mariotto| marozia| marsilia| marsilio| martina| martino| marzocco| massaria| matabruna| matelda| mathea| matteo| mazzeo| medonia| melanese| meldina| meliorata| meliore| melliorato| melliore| mercato| michele| midonia| montanaria| montanino| munaldescha| muricone| muriel| nanna| nastagio| negozante| nero| niccolo| niccolosa| nicola| nobilis| nofri| oddo| odierna| odimondo| oliverio| omodeo| opizo| orabella| orabilis| oradina| orlandina| orlando| ormanno| orsino| pace| paganino| palma| palmeria| palmieri| pandolfo| paolo| paula| paulina| pazzino| pelegrina| pellario| pellegrino| pera| perfetto| pericciolo| pero| perusina| pia| piera| piero| pierozzo| pierpaolo| pisano| placevele| plana| pleneria| pocobella| prima| pucarella| pucola| raffaello| ramondo| ranero| ranuccio| ranutia| regina| riccardo| riccia| ricco| ridolfo| rinaldo| rinieri| romana| romeo| rosa| rosana| rosanella| rosso| ruberto| ruggieri| rustica| rustico| sabatina| sabbatino| salomia| salvestro| salvi| sanda| santesa| scarlata| selanda| serena| setembrina| sibilia| sifa| silvestro| simone| simonecta| sinibaldo| sismondo| sordello| sovrana| stefania| stefano| strozza| taddeo| tadea| talento| talia| tancredi| tedescha| tedice| theodora| ticta| tingoso| tomasia| tomaso| tuccio| tullia| turco| ubaldino| ubaldo| ubertino| uberto| ugo| ugolina| ugolino| ulfilas| upizino| vecchio| ventura| verde| verdelanda| verderia| verdiana| verdis| vermilia| vernaccio| verona| veronica| versilia| vicina| vieri| villano| vincenzo| virdiana| viridis| vita| vitale| viviano| vivola| yca| ymilia| ysabella| casmundina| causita

# japanese
abe| abukara| ai| aiko| ajibana| akane| akechi| akemi| akihisa| akihito| akiko| akira| amagawa| andou| anzai| aoki| arai| araki| asai| ashida| asuka| asuza| atasuke| atsuko| aya| ayaka| ayako| ayano| chiba| chie| chieko| chihiro| chika| chikuma| chinatsu| chishu| chitose| chiyeko| chiyo| chojiro| daichi| daigoro| daiharu| daiki| daisuke| dan| doi| dokuohtei| echiko| egami| eguchi| eiji| eiko| eisaku| ekiguchi| ekiken| emi| emiko| endo| endou| enoki| eri| eriko| etsuko| fugunaga| fujiko| fujimoto| fujio| fujita| fujiwara| fukao| fukumitsu| fukuoka| fukusaburu| fumi| fumihiro| fumiko| furusawa| fusae| fuse| fuyuko| gemmei| genpaku| gensai| ginko| goichi| goro| goto| gotou| hachemon| hagino| hajime| hama| hamada| hana| hanae| hanako| hanari| haniko| hara| harada| haru| haruguchi| haruhiko| haruka| haruki| harukichi| haruko| haruna| hasegawa| hashimoto| hatoyama| hatsue| hayakawa| hayashi| hayato| heishiro| hida| hideki| hideko| hidemichi| hidetora| hideyoshi| higo| hikaru| hike| hirano| hiratasuka| hiro| hiroe| hirokichi| hiroko| hiromi| hiroshi| hirotaka| hiroyasu| hiroyuki| hisa| hisae| hisako| hisamatsu| hisashi| hisayuki| hitomo| hitoshi| honda| horiuchi| hosokaya| hujii| hujimoto| hujita| hukuta| ichimonji| ichiro| idane| iemitsu| ieyasu| iijima| ijiri| ikeda| ikemoto| ikina| iku| imada| imai| inaba| inoue| inouoe| irie| isamu| isayama| ise| isei| ishi| ishibashi| ishida| ishiguro| ishihara| ishii| ishikawa| ishinomori| ishio| isikawa| isobe| isoruko| ito| itou| itsuko| iwahara| iwasaki| iwazaki| jiro| junko| junzo| juri| kaede| kagawa| kahori| kaima| kajitani| kakuei| kamachi| kaminaga| kana| kanegawa| kaneko| kanzaburo| kaori| kaoru| karamorita| karubo| kasai| kasuse| kato| katou| katsu| katsuko| katsumi| katsuyoshi| katsuyuki| kawabata| kawagichi| kawaii| kawano| kawasaki| kawasie| kayoko| kazuhiko| kazuki| kazuko| kazuma| kazumi| kazuo| kazuyoshi| keiji| keiko| keiso| kenichi| kenji| kenjiro| kenshi| kenta| kentaro| kiichi| kijmuta| kikuchi| kikui| kimie| kimitada| kimiyama| kimura| kin| kinoshita| kinuko| kinuye| kinuyo| kita| kitaru| kiyo| kiyohisa| kiyoko| kiyomi| kiyoshi| kobayashi| kochiyo| koga| koguchi| koichi| koiso| koizumi| kojima| kokan| koken| koki| komiya| konda| kondo| kondou| konishi| koruba| kosho| kotara| kou| kouhei| koyama| kubo| kudou| kuki| kukiko| kumanosuke| kumi| kumiko| kunda| kunie| kuniko| kunimichi| kunio| kuramochi| kurmochi| kurogane| kyoji| kyoko| kyozo| kyubei| maeda| mai| maki| makiko| mako| mami| mana| manabu| manobu| mari| marihito| mariko| marubeni| marusa| maruyama| masaaki| masae| masahide| masako| masami| masanori| masao| masashi| masatake| masayuki| masazumi| mashita| masu| masuda| masuhiro| masuko| masutaro| masuzoe| matashichi| matsu| matsuda| matsui| matsumara| matsumoto| matsuo| matsuoka| matsushita| matsuzawa| mayu| mayumi| megu| megumi| meiji| michi| michiko| michio| midori| mieko| mifune| miho| miiko| miki| miliko| mina| minako| mineko| minoru| misaki| misako| mito| mitsiko| mitsu| mitsubishi| mitsuhide| mitsuko| mitsukuri| mitsuya| mitsuyo| miura| miwako| miyagi| miyajima| miyako| miyamoto| miyazaki| miyazawa| miyo| miyoko| miyoshi| mizuno| mobumasu| moe| momoko| momotani| mori| morimasa| morimoto| morita| moto| motoki| motoyuki| munoto| murakami| muraoka| murasaki| murase| murata| mushanokoji| nagai| nagano| nagasawa| nagatsuka| nakada| nakadan| nakagawa| nakajima| nakamoto| nakamura| nakano| nakao| nakata| nakayama| nakazawa| nana| nanami| naofumi| naohiro| naoki| naoko| naora| narita| natsu| natsuki| natsuko| natsume| natsumi| natsuo| nishi| nishikawa| nishimura| nishio| nobuharu| nobunaga| nobuo| noburo| nobuyoki| noguchi| nomura| norie| noriko| noritada| noritoshi| numajiri| ochiai| ochida| ochiyo| ogai| ogata| ogawa| ogura| oharu| ohmae| oinuma| okada| okakura| okamoto| okamura| okano| okichi| okiku| okuda| omitsu| ono| osamu| oshin| ota| otake| otsu| otsuka| otsune| raicho| raikatuji| rei| reiko| reina| ren| rika| rina| ryota| ryou| ryu| ryunosuke| ryusaki| saburo| sachiko| sada| sadaharu| sadako| sadao| sadayoshi| saeko| saito| saitou| saji| sakai| sakamae| sakamoto| saki| sakiyurai| sakubara| sakue| sama| sanda| sanjuro| sano| santo| saori| sasaki| sata| sato| satoko| satoru| satoshi| sawamatsu| sawao| sei| seiji| seiko| seinosuke| seishisai| seisi| seki| sekine| seo| sessue| setsuko| shiba| shibanuma| shibasawa| shibata| shiga| shige| shigeki| shigeko| shigeo| shigeru| shigochiyo| shimada| shimanouchi| shimizu| shimohira| shin| shinichi| shinji| shinobu| shinsaku| shintaro| shioko| shiomi| shiori| shirane| shiro| shirokawa| shirosama| shizu| shoji| shoken| shoko| shoshi| shotaro| shou| shouta| shozo| shukishi| shun| shunichi| shunsuke| shuzo| simizu| sohda| soseki| subaru| suenami| suezo| sugase| sugawara| sugimura| sugita| sugiyama| sui| suko| sumi| sumie| sumiko| sumiteru| susumu| suzue| suzuki| suzuko| suãƒâ©| tagashashi| taguchi| tai| taisho| taizo| takada| takagaki| takagawa| takagi| takahashi| takahiro| takako| takamasa| takano| takao| takashi| takayuki| takeda| takehide| takei| takeichi| takemura| takeo| takeshi| taketomo| takeuchi| takuji| takumi| takuya| tamafune| tamaki| tamami| tamiko| tamotsu| tamura| tanaka| tani| taniguchi| taniko| tansho| tanzan| taro| tashiro| tatsuya| teishi| terada| terauchi| teriuihi| teruyo| tetsu| togo| toichi| toin| tokiwa| toku| tokuda| tokugawa| tokutomi| tomi| tomiichi| tomiko| tomoko| tomomi| tomonaga| torazo| toru| toshiaki| toshie| toshiki| toshiko| toshio| toshiro| toyoaki| toyohiko| toyokazu| toyoko| toyoshima| toyota| tsubasa| tsuginori| tsujimoto| tsukahara| tsukatani| tsukehara| tsuki| tsurimi| tsutomu| tsuya| uboshita| uchida| ueda| ueno| uetake| ukyo| umehara| umeka| umeko| urako| usami| utako| wada| washichi| watabe| watanabe| yae| yaeko| yakumo| yamada| yamaguchi| yamaha| yamakazi| yamamoto| yamamura| yamashita| yamato| yamawaki| yamazaki| yano| yasotaro| yasu| yasuhiro| yasuko| yasuo| yasushi| yasutake| yato| yeijiro| yoka| yoko| yokoyama| yoshida| yoshihara| yoshihide| yoshihisa| yoshiji| yoshike| yoshiki| yoshiko| yoshinobu| yoshio| yoshiyuki| yoshizaki| yosida| yui| yuichi| yuji| yuka| yuki| yukichi| yukiko| yukio| yukiyo| yuko| yumi| yumiko| yunokawa| yuri| yuriko| yusuke| yutaka| yuu| yuuki| yuuta| zenko| akanori

# arabic
aadila| aaftab| aaqil| aasim| aatifa| abbas| abdah| abla| abu| acar| adib| afa'f| afdhal| afra| afzaa| agda| ahlaam| ahmad| ahmed| aisha| ajmal| akar| akasma| akhtar| akilah| al-bakiyah| ali| alia| alim| almaas| amina| aminah| amjad| andalib| anjum| anwaar| anwar| ara| arqam| arshad| asad| ashraf| asiya| aslam| asma| atalaya| athar| atikah| attiyah| ayaz| ayesha| ayub| azada| azamat| azim| aziz| aziza| azizah| azzah| baabar| badoura| badr| badr-al-din| baha-al-din| bahaar| bahiyya| bahjat| bahlol| bahram| bakht| bakhtiaar| bakr| balban| balj| banah| banujah| barakaat| barakah| barmak| bashaarat| basheera| basimah| bedr-el-budr| behraam| bilal| bilqis| bursuq| buthayna| dahah| daifa| dalair| dananir| daud| deeba| dhaamin| dharr| dhu| dilaawar| duqaq| dur-re-shahwar| durayd| durdaana| e'jaaz| faa'iza| faakhira| faaria| faatir| fadila| fahd| faheem| faith:| ala-ad-din| fakhr-al-din| fakhri| fakhriyya| famida| faraaz| farah| faraj| fardoos| farel| farid| farid-ed-din| farida| farrukh| farzaana| fasiha| fathi| fatima| fatimah| fatma| fauziyya| fawz| fawzi| fayiz| faysal| firas| firuz| fuad| gauhar| ghaalib| ghanai'm| ghaniyah| ghaythah| ghazaala| ghazi| ghiyaath| ghiyath-ud-din| ghulshan| gulzar| haala| habib| habibah| hadi| hadil| hafiz| hafiza| hafsa| hafsah| hajjaj| hakim| halil| halima| hamal| hamdi| hammad| hamzah| hanaa| hanbal| hanif| hanifa| hareef| haris| harith| harithah| haroun| hasan| haseena| hashim| hassan| hawwa| hayaan| hayfa| hifni| hilal| himyar| hind| hinda| hinnaa| hisham| hosni| huda| huma'i| humaira| humam| hunayn| huraiva| husain| husna| husni| hussein| ibrahim| ibtesam| idrisi| ihab| ihsan| ihtizaz| ikraam| ilham| ilm| imad-al-din| inan| iqbaal| iram| irfaan| isa| ishaq| iskander| ismail| ismat| izora| jabar| jabir| jafar| jaida| jalal| jalal-ad-din| jalila| jamal| jamil| jamila| jamilah| jannat| javairia| jawaahir| jawhar| jibril| jimira| jubair| jurdik| kaazim| kabira| kalima| kamal| kamal-al-din| kamil| kamilah| karaamat| karida| karim| khadija| khadijah| khair-ed-din| khalf| khalid| khalida| khalil| khaliqa| khawala| khazima| khurram| laa'iq| laa'iqa| labid| lahab| laila| latifa| layla| lubna| lulu| lutfiyya| maahjabin| maahpaara| maajida| maalik| ul-mulk| mahbub| mahir| mahmud| mahsa| mahtaab| maimoune| maimunah| majd-al-din| majnun| makram| malak| malik| malikah| mamduh| mamoun| manhalah| mansur| manzoor| mariyah| maroun| marwaarid| maryam| masoom| masruq| mastoura| masud| maysun| mazhar| mehmet| mellilah| miraaj| mohammed| mu'aawin| mu'izz-ad-din| mubarak| muhammad| muhayya| muhsana| muhsin| muhsina| mukhtaar| munim| munsif| munya| muqaddas| muqbil| murshid| mus'ad| musa| musaykah| mushtaq| mustafa| mutawakkil| muti| muwas| muzaffar-ed-din| muzzammil| naa'ila| naadhira| naadira| naadiya| naaheed| naaji| naasir| naaz| naazim| naazima| naazir| naazira| nabil| nabila| nadim| nadir| nadra| nadrah| nafi| nafisa| nahira| naima| najam| najat| najib| najiba| najjiyya| najma| nargis| nasif| nasiha| nasim| nasira| nasr-ed-din| nazaam| ni'mat| nighat| nilofar| nizaa| nizam-ed-din| nizar| noura| nu'm| numa| nur| nur-al-din| nuzhat| omar| othman| qaa'id| qaa'im| qaabil| qaari| qabihah| qabul| qadama| qamra| qaribah| qasim| qudrat| qutaiba| qutuz| ra'naa| ra'uf| raahat| raahil| raashan| rabab| rabiah| racha| radhia| radwan| rafeeqa| rafiq| raheema| rahmat| ramadan| rashid| rashida| raym| rayya| reshmaan| rida| ridhwaana| ridwan| rifaaqat| rihana| rukn-ud-din| ruqayya| ruqayyah| rusa| ruzzik| sa'eeda| sa'ood| saabiq| saabira| saadiqa| saajida| saaliha| saalik| sabah| sabir| sadaaqat| sadaat| sadira| saduf| safi| safia| safir| safwah| safwan| saghira| saham| said| sajah| sajjaad| sakan| sakhr| sal-ad-din| salaiman| salamah| salih| salim| salima| salma| salwa| samim| samina| samira| samsi| saniyya| saqr| sara| sarab| sarwat| sauda| sayyid| sehar| seifal-din| selima| semeeah| shaahida| shaakira| shafaqat| shafiqa| shahaab| shahar| shahbaaz| shahira| shahlaa| shahrazad| shahrizad| shajar| shakila| shakir| shama| shams-ud-din| sharaara| sharawi| sharif| sharifa| sharil| shauk| shaukat| shifa| shiklah| shirin| siddiq| sinaan| su'ad| suhayl| sukaynah| sulaiman| sulma| sumnah| suraab| surayya| taahira| taaj| taajwar| taalib| taha| tahiyya| tahzeeb| taimur| talal| talib| talitha| tammam| tanweer| taqi| taqi-ud-din| tarafa| tarifa| tariq| tarub| tashfin| taskeen| taslim| taufiq| thaaqib| thamar| thanaa| tharwat| thurayya| tufail| ubaida| ulayyah| umamah| umar| uqbar| usama| utbah| uthman| uwais| uzma| waahib| waajida| wadha| wafid| wahhaj| wahid| wahida| wahshiyah| wajaahat| walid| waqaar| warwar| wasim| wasima| wathiq| yaakub| yaamin| yaaqut| yaasir| yasir| yasmin| yazdan| yazid| yildirim| yumn| yusra| yusri| yusriyya| yussuf| zaahida| zaahir| zaahira| zahra| zahrah| zaib| zaid| zaidan| zainab| zakki| zakkiyya| zamurrad| zareena| zarif| zarifa| zarqaa| zauk| zaynab| zebba| zebeebah| zeenat| zerdali| ziryab| ziyad| zoebd-el-khematin| zora| zu| zubair| zubaydah| zuhair| zuhayr| zuhra| zul-jalaal| wal| ikraam| zulaikha| adh-dhaar| al'em| al-'adil| al-'afuw| al-'azim| al-aghani| al-akhir| al-ali| al-alim| al-arnabah| al-ashra| al-asilah| al-awwal| al-aziz| al-baa'ith| al-baabar| al-baasit| al-badi| al-baki| al-barr| al-baseer| al-batin| al-bayan| al-bulbul| al-darazi| al-fahd| al-fattah| al-ghaffar| al-ghafur| al-ghani| al-gharibah| al-ghazali| al-haafiz| al-habib| al-hadi| al-hafiz| al-hai'yy| al-hakam| al-hakim| al-hamasa| al-hamid| al-haqq| al-hasan| al-hasib| al-hayawan| al-humaa'| al-ja'iah| al-jaami| al-jabbar| al-jahiz| al-jalil| al-junaid| al-kabir| al-kabiz| al-kadir| al-kahhar| al-kaiyum| al-karim| al-kawi| al-khabir| al-khafah| al-khansaa| al-khayzuran| al-kuddos| al-latif| al-m'amun| al-ma| al-mahasin| al-majid| al-majnun| al-malik| al-mani| al-mansur| al-marid| al-mas'udi| al-matin| al-mer| al-mira| al-mu'akhkhir| al-mu'id| al-mu'izz| al-mu'min| al-mu'ti| al-muawwir| al-mubdi| al-mughni| al-muhaimin| al-muhsi| al-muhyi| al-mujaahid| al-mujib| al-mukkadim| al-muktadir| al-muktakabbir| al-mumit| al-muntaqim| al-muqeet| al-muqsit| al-musawwit| al-muta'adhiba| al-muta'ajiba| al-muta'ali| al-mutawahishah| al-muzil| al-najmi| al-nasr| al-qut| al-rajiyah| al-razzaaq| al-reyhan| al-rumat| al-saffaah| al-saffar| al-shidda| al-tair| al-thartharah| al-waarith| al-waasi| al-wadood| al-wahhaab| al-wajid| al-wakil| al-wali| al-zarqaa| al-zarzur| albari| alhalim| alkhaaliq| alwahid| an-naafi| an-noor| ar-ra'uf| ar-raafi| ar-rahim| ar-rahmaan| ar-rakib| ar-rashid| as-sabur| as-samad| as-sami| assalaam| ash-shahid| ash-shakur| at-tawwaab| at-tih| az-zahir| az-zarr| el-hiri| udhdhahab| ul-jawahir

# english
aaron| abbey| abigail| abraham| ada| adam| adela| adelaide| adele| adeline| adrea| adrian| adriana| adrienne| agatha| agnes| aimee| alan| alana| alastair| albern| albert| alberta| aldous| alec| alex| alexander| alexandra| alexia| alexis| alfie| alfred| algernon| alice| alicia| alison| alissa| alistair| alithea| allard| allegra| aloysius| althea| alvin| alyssa| amabel| amanda| amaryllis| amber| ambrose| ambrosia| amelia| amethyst| amice| amy| anastasia| andrea| andrew| angela| angelica| anika| anita| ann| ann-marie| anna| annabel| anne| annette| annice| annis| anthea| anthony| antonia| antony| april| arabella| ariel| arnold| art| arthur| artie| ashley| asleigh| aubrey| audie| audrey| augusta| augustus| aurora| austin| autumn| avice| avril| barbara| barbi| bard| barnabas| barnaby| barry| bart| bartholomew| basil| beatrice| beatrix| becky| belinda| ben| benedict| benjamin| bernadette| bernard| bernie| bert| bertie| bertram| beryl| beth| bethany| betsy| betty| beverley| bianca| bill| blaine| blanche| bliss| blossom| blythe| bob| bobbie| bonnie| boyd| brad| bradley| brandon| brenda| brendan| brent| bret| brian| bridget| brittany| brook| bruce| bruno| bryony| buck| byron| cain| caitlin| calvin| cameron| camilla| candace| candice| candy| cara| carie| carina| carissa| carl| carla| carly| carmen| carol| caroline| carolyn| cassandra| cassie| catherine| cecelia| cecil| cecilia| cedric| celandine| celeste| celestine| celia| ceri| chad| chance| chantal| chantelle| charity| charlene| charles| charlotte| charmaine| chelsea| cherry| cheryl| chloe| christa| christian| christina| christine| christopher| christy| chãƒâ©rie| cicely| cindy| claire| clara| clarence| clarice| clarissa| clark| claudia| cliff| clifford| clive| cody| colette| colin| colleen| connie| conrad| constance| constantine| cora| coral| corey| corin| corinna| cornelius| corrine| corrinna| courtney| craig| croisella| crystal| cuthbert| cybil| cynthia| cyril| daisy| dale| daley| damian| damien| damon| dan| daniel| daniella| danielle| danny| daphne| darleen| darren| darryl| david| davina| davinia| dawn| dean| deanna| debbie| deborah| debra| dee| delbert| delia| della| delroy| denise| dennis| derek| deric| desdemona| desirãƒâ©e| desmond| diana| diane| dido| digory| dion| dirk| dolores| dominic| dominique| donald| donna| dora| doris| dorothy| douglas| drusilla| duane| dudley| duncan| dustin| dylan| earl| edgar| edith| edmond| edmund| edna| edward| edwin| edwina| egbert| elaine| eleanor| elena| eliot| elizabeth| ellen| elmer| elmira| elmo| eloise| elroy| elsie| elvis| elwood| emily| emma| emmet| erasmus| eric| erica| erin| ernest| errol| ertha| erwin| estelle| esther| ethel| eugene| eunice| eva| evangeline| eve| evelyn| faith| fay| felice| felicia| felicity| felix| fern| fiona| fleur| flint| flora| florence| fran| frances| francesca| francis| frank| fred| freda| freddie| frederick| gabriel| gabriella| gabrielle| gail| gareth| garth| gary| gavin| gaye| gaynor| gemma| gene| geoffrey| george| georgette| georgia| georgina| georgine| gerald| geraldine| gerard| geri| gerold| gertrude| gervase| gilbert| gilda| giles| gillian| gina| ginger| gladys| glen| glenda| gloria| godfrey| gordon| grace| graham| grant| gregg| gregory| griff| guy| gwen| gwendolyn| hannah| harlan| harold| harriet| harry| harvey| hayden| hayley| hazel| heather| hector| hedy| heidi| helen| helena| henrietta| henry| herbert| hilary| hilda| hiram| holly| homer| hope| horace| horatio| howard| hubert| huey| hugh| ian| ida| imogen| india| ingrid| irene| iris| irma| irving| isaac| isabel| isabella| isobel| ivan| ivor| ivy| jack| jackie| jacob| jacqueline| jade| jaime| jake| james| jamie| jane| janet| janice| janine| jared| jasmine| jason| jasper| jay| jean| jeanette| jeff| jeffrey| jenna| jennifer| jenny| jeremy| jerry| jessamine| jesse| jessica| jill| joan| joanna| joanne| jocelyn| jodie| joel| john| jonathan| jonathon| jordan| joseph| josephine| joshua| josie| joy| joyce| judith| judy| julia| julian| julie| juliet| julius| june| justin| justine| kane| karen| karl| karla| kate| katharine| kathleen| kathryn| katrina| katy| kay| keeley| keith| kelly| kelsey| kelvin| ken| kenneth| kerry| kevin| kieran| kim| kimberley| kip| kirk| kirsten| kirsty| kurt| kyle| kylie| lacey| lana| lance| lancelot| lara| lark| larry| laura| laurel| lauren| laurence| lavinia| leah| leanne| lee| leigh| leighton| leila| lena| leo| leon| leona| leonard| leonie| leontine| leroy| lesley| leslie| lester| lewis| liam| liana| lila| lilian| lily| linda| lindsay| lindsey| linsay| linsey| lionel| lisa| livia| liza| lloyd| lois| loretta| lori| lorna| lorraine| louis| louisa| louise| lucille| lucinda| lucretia| lucy| luke| lydia| lynette| lynne| mabel| maddy| madeleine| madeline| maisie| malcolm| mandy| marcella| marcia| marcus| margaret| margot| marguerite| maria| marian| marianne| marie| marilyn| marina| marion| marjorie| mark| marlene| marmaduke| marsha| marshall| martha| martin| martina| martine| marty| marvin| mary| matilda| matt| matthew| matty| maud| maureen| maurice| mavis| max| maximilian| maxine| maxwell| may| megan| melanie| melinda| melissa| melody| melvin| mercedes| mercy| meredith| michael| michaela| michelle| mildred| miles| millicent| minerva| miranda| miriam| mitchell| modesty| moira| molly| monica| muriel| myrette| myrna| myron| myrtle| nadia| nadine| nancy| naomi| natalie| natasha| nate| nathan| nathaniel| natty| neil| nevil| neville| niall| nicholas| nick| nicky| nicola| nicole| nigel| niles| nina| noel| noelle| nora| norma| norman| octavia| octavius| ogden| olga| olive| oliver| olivia| ona| oriel| orion| orson| oscar| osric| oswald| otis| owen| paige| pam| pamela| pat| patricia| patrick| patsy| paul| paula| paulette| pauline| pearl| peggy| pelham| penelope| penny| percival| percy| peregrine| perry| peter| philip| philippa| phineas| phoebe| phyllis| piers| polly| poppy| portia| priscilla| prudence| quentin| rachael| rachel| rafe| ralph| ramona| randal| randolph| randy| raphael| ray| raymond| rebecca| red| regina| reginald| renata| rennie| renãƒâ©e| reuben| rex| richard| rickie| rita| robert| roberta| robin| robyn| rochelle| roderick| rodney| roger| roland| ronald| rory| rosalie| rosalind| rosaline| rosamond| rosanne| rose| rosemary| rosie| ross| rowena| roxana| roxanne| roy| royston| ruby| rufus| rupert| russ| russell| rusty| ruth| ryan| sabina| sabine| sabrina| sadie| sally| sam| samantha| samuel| sandra| sandy| sapphira| sarah| scott| sean| sebastian| selina| serena| seth| shane| shannon| sharlene| sharon| shaun| sheena| shelley| sheri| sheryl| shirley| sian| sibyl| sidney| simon| simone| siobhan| skip| solomon| sonia| sonny| sophia| sophronia| spencer| stacey| stanley| stella| stephanie| stephen| steve| steven| stewart| storm| stormy| stuart| sunny| susan| susannah| suzanne| sylvester| sylvia| tabitha| tadd| tallulah| tamara| tammy| tamsin| tania| tansy| tara| ted| terence| terri| terry| tess| tessa| thane| thelma| theodora| theodore| theodosia| theresa| thomas| thorn| tiffany| timothy| tina| tobias| toby| todd| toni| tonia| tony| tracey| travis| trevor| tristram| troy| trudy| tully| tyler| ulrich| una| ursula| valentine| valerie| vance| vanessa| vaughan| velda| venetia| venus| vera| verity| vernon| veronica| vesper| vicky| victor| victoria| vida| vincent| violet| virgil| virginia| vivian| vivienne| wade| wal| walter| wanda| ward| warren| wayne| wendy| wesley| wilbur| wilfred| william| willis| winifred| winona| winston| wolf| wynne| yasmin| yolanda| yvette| yvonne| zara| zelda| zoe
